{
  "x_mean": [
    0.002517036162316799,
    0.0026320803444832563,
    0.0028295223601162434,
    0.0023538453970104456,
    0.0023580158594995737,
    0.0022488893009722233,
    0.002616002457216382,
    0.0027510938234627247,
    0.0024673091247677803,
    0.0022589126601815224,
    0.002544953254982829,
    0.002230933401733637,
    0.0024095617700368166,
    0.0025415036361664534,
    0.002721159253269434,
    0.002320489613339305,
    0.0023992278147488832,
    0.0026677788700908422,
    0.0022956409957259893,
    0.002541458234190941,
    0.0024531257804483175,
    0.002765473211184144,
    0.002566350158303976,
    0.0022203531116247177,
    0.002539620269089937,
    0.0026026281993836164,
    0.0025845239870250225,
    0.0026412243023514748,
    0.0023371512070298195,
    0.0025299047119915485
  ],
  "x_std": [
    0.030899133533239365,
    0.030695129185914993,
    0.03054717741906643,
    0.03050081804394722,
    0.03056231513619423,
    0.031038952991366386,
    0.031008349731564522,
    0.03063277155160904,
    0.030875658616423607,
    0.03065343201160431,
    0.03096148557960987,
    0.03074481710791588,
    0.03092004731297493,
    0.03101387247443199,
    0.030480913817882538,
    0.030738282948732376,
    0.0308334119617939,
    0.031084172427654266,
    0.030924854800105095,
    0.03068842552602291,
    0.030657390132546425,
    0.03049476444721222,
    0.03054763190448284,
    0.030785279348492622,
    0.030901417136192322,
    0.030705789104104042,
    0.030664494261145592,
    0.030837537720799446,
    0.03080904856324196,
    0.030937913805246353
  ],
  "y_mean": 2.1054608821868896,
  "y_std": 5.732938766479492
}